id;last_name;first_name;image_piece;image_piece_content_type
1;Hintz;Peyton;436f6d70757465722050726163746963616c2046726573682050616e7473;image/png
2;Miller;Bryon;4368697073;image/png
3;Deckow;Lexus;7765622d72656164696e657373;image/png
4;Greenfelder;Judge;436f6d6d6f6e;image/png
5;Schaden;Liana;4d6973736973736970706920526566696e65642052756262657220436869636b656e205461626c65;image/png
6;Bergnaum;Adonis;496e74656c6c6967656e74;image/png
7;Paucek;Dayne;47616d657320526567696f6e616c204469676974697a6564;image/png
8;Ondricka;Nicolas;4d61796f747465;image/png
9;Denesik;Alexandrea;4372656469742043617264204163636f756e74204e6174696f6e616c20417765736f6d65;image/png
10;Dietrich;Jovan;7363616c6520696e7465726163746976652067656e65726174696e67;image/png
